Aarts2015EstimatingTR	Aarts_2015_EstimatingReproducibilityPsychologicalScience
Adam2019PredictingTR	Altmejd_2019_PredictingReplicabilitySocialScience
AlAnbaki_2019	Al-Anbaki_2019_DefeasibleLogicContextualizingApplications
Alfano2017EfficientCO	Alfano_2017_EfficientComputationExtensionsDynamic
Amgoud2014RichPA	Amgoud_2014_RichPreference-basedArgumentationFrameworks
Amgoud2017AcceptabilitySemanticsWeighted	Amgoud_2017_AcceptabilitySemanticsWeightedArgumentation
Amgoud_2002	Amgoud_2002_ReasoningModelProductionAcceptable
Amgoud_2011	Amgoud_2011_NewApproachPreference-basedArgumentation
Antoniou2000DefeasibleLV	Antoniou_2000_DefeasibleLogicVersusLogic
Antoniou2000RepresentationRF	Antoniou_2000_RepresentationResultsDefeasibleLogic
Bachmair_2001	Bachmair_2001_ResolutionTheoremProving
Baker_1998	Baker_1998_BerkeleyFrameNet
BallesterRipoll_2024	Ballester-Ripoll_2024_GlobalSensitivityAnalysisBayesianNetworks
Baroni_2005	Baroni_2005_SCC-recursivenessGeneralSchemaArgumentation
Baroni_2007	Baroni_2007_Principle-basedEvaluationExtension-basedArgumentation
Baumann_2010	Baumann_2010_ExpandingArgumentationFrameworksEnforcing
Baumann_2019	Baumann_2019_AGMContractionDung
Beek_2018	Beek_2018_SameAs.ccClosure500MOwl
Begley2012DrugDR	Begley_2012_DrugDevelopmentRaiseStandards
Bikakis_2010	Bikakis_2010_DefeasibleContextualReasoningArguments
Bjrner_2014	Bjorner_2014_MaximalSatisfactionZ3
Boella_2009	Boella_2009_DynamicsArgumentationSingleExtensions
Bohannon2006RelationalLenses	Bohannon_2006_RelationalLensesLanguageUpdatable
Bonanno2007AxiomaticCO	Bonanno_2007_AGMBeliefRevisionTemporalLogic
Bonanno2010BeliefCI	Bonanno_2010_BeliefChangeBranchingTime
Border2019NoSF	Border_2019_NoSupportHistoricalCandidate
Bozzato_2018	Bozzato_2018_ContextKnowledgeJustifiableExceptions
Bozzato_2020	Bozzato_2020_DatalogDefeasibleDLLite
Brewka_1989	Brewka_1989_PreferredSubtheoriesExtendedLogical
Buitelaar_2011	Buitelaar_2011_OntologyLexicalizationLemon
Buneman_2001	Buneman_2001_CharacterizationDataProvenance
Camerer2016EvaluatingRO	Camerer_2016_EvaluatingReplicabilityLaboratoryExperiments
Camerer2018EvaluatingTR	Camerer_2018_EvaluatingReplicabilitySocialScience
Carroll_2005	Carroll_2005_NamedGraphsProvenanceTrust
Casini2010RationalCF	Casini_2010_RationalClosure
Chan2002ADM	Chan_2005_DistanceMeasureBoundingProbabilistic
Charwat_2015	Charwat_2015_MethodsSolvingReasoningProblems
Clark_2014	Clark_2014_Micropublications
CosteMarquis_2005	Coste-Marquis_2005_SymmetricArgumentationFrameworks
Coupé2002PropertiesOS	Coupé_2002_PropertiesSensitivityAnalysisBayesian
Cousot_1977	Cousot_1977_AbstractInterpretation
Cuzzolin2021TheGO	Cuzzolin_2021_GeometryUncertaintyGeometryImprecise
Dastani_2007	Dastani_2007_ContextualAgentDeliberationDefeasible
Dauphin_2018	Dauphin_2018_ASPICENDStructuredArgumentationExplanationsNaturalDeduction
Denoeux_2018	Denoeux_2018_Decision-MakingBeliefFunctionsReview
Ding_2010	Ding_2010_SameAsNetworksBeyondAnalyzing
Docef_2023	Docef_2023_UsingZ3VerifyInferencesFragmentsLinearLogic
Doutre_2018	Doutre_2018_ConstraintsChangesSurveyAbstract
Dowty_1991	Dowty_1991_ThematicProtoRoles
Doyle_1979	Doyle_1979_TruthMaintenanceSystem
Dreber2015UsingPM	Dreber_2015_PredictionMarketsEstimateReproducibility
Dunne_2009	Dunne_2009_ComplexityAbstractArgumentation
Errington_2021	Errington_2021_InvestigatingReplicabilityPreclinicalCancer
Eskandari_2016	Eskandari_2016_OnlineStreamingFeatureSelection
Fan_2015	Fan_2015_ComputingExplanationsArgumentation
Fang_2025	Fang_2025_LLM-ASPICNeuro-SymbolicFrameworkDefeasible
Fichte_2021	Fichte_2021_Decomposition-GuidedReductionsArgumentationTreewidth
Fillmore_1982	Fillmore_1982_FrameSemantics
Flouris2008OntologyCC	Flouris_2008_OntologyChangeClassificationSurvey
Foster2007CombinatorsFB	Foster_2007_CombinatorsBidirectionalTreeTransformations
García2014DefeasibleLP	García_2014_DefeasibleLogicProgrammingDeLP-servers
Ghidini_2001	Ghidini_2001_LocalModelsSemanticsContextual
Giunchiglia1994MultilanguageHL	Giunchiglia_1994_MultilanguageHierarchicalLogics
Goldszmidt_1992	Goldszmidt_1992_DefeasibleStrictConsistency
Gordon2021PredictingRO	Gordon_2021_PredictingReplicability—AnalysisSurveyPrediction
Governatori_2012	Governatori_2012_RevisionDefeasibleLogicPreferences
Green_2007	Green_2007_ProvenanceSemirings
Groth2010TheAO	Groth_2010_AnatomyNanopublication
Guha_1991	Guha_1991_ContextsFormalization
Guo_2017	Guo_2017_CalibrationModernNeuralNetworks
Gärdenfors1982UnreliablePR	Gardenfors_1982_UnreliableProbabilitiesRiskTaking
Halpern_2000	Halpern_2000_CausesExplanationsStructural-ModelApproach
Halpern_2005	Halpern_2005_CausesExplanationsStructuralModel
Halpern_2015	Halpern_2015_ModificationHalpern-PearlDefinitionCausality
Halpin2010WhenOS	Halpin_2010_OwlSameAsIsntSame
Heijden_2018	vanderHeijden_2018_MultiSourceFusionOperationsSubjectiveLogic
Hobbs1985OntologicalP	Hobbs_1985_OntologicalPromiscuity
Horowitz_2021	Horowitz_2021_EpiPen
Howard1966InformationVT	Howard_1966_InformationValueTheory
Hunter_2018	Hunter_2018_EpistemicGraphsRepresentingReasoning
Hunter_2021	Hunter_2021_ProbabilisticArgumentationSurvey
Idrissou_2017	Idrissou_2017_LenticularLensesContextSpecificIdentity
Ioannidis_2005	Ioannidis_2005_WhyMostPublishedResearch
Jain2010OntologyAF	Jain_2010_OntologyAlignmentLinkedOpen
Jrvisalo_2025	Järvisalo_2025_ICCMA20235thInternational
Jsang_2001	Josang_2001_LogicUncertainProbabilities
Juty2020UniquePR	Juty_2020_UniquePersistentResolvableIdentifiers
Jøsang2016SubjectiveL	Josang_2016_SubjectiveLogic
Kallem_2006	Kallem_2006_Microtheories
Karacapilidis_2001	Karacapilidis_2001_ComputerSupportedArgumentationCollaborative
Kennedy_1997	Kennedy_1997_RelationalParametricityUnitsMeasure
Klein2018ManyL2	Klein_2018_ManyLabs2Investigating
Klein_2003	Klein_2003_ComponentBasedFrameworkOntologyEvolution
Knuth1970SimpleWP	Knuth_1970_SimpleWordProblems
Kraus1990NonmonotonicRP	Kraus_1990_NonmonotonicReasoningPreferentialModels
Kuhn_2014	Kuhn_2014_TrustyURIs
Kuhn_2015	Kuhn_2015_DigitalArtifactsVerifiable
Kuhn_2017	Kuhn_2017_ReliableGranularReferences
Lebo_2013	Moreau_2013_PROV-O
Lehmann1989WhatDA	Lehmann_1989_DoesConditionalKnowledgeBase
Lehtonen_2020	Lehtonen_2020_AnswerSetProgrammingApproach
Leite_2011	Leite_2011_SocialAbstractArgumentation
Lin_2022	Lin_2022_TeachingModelsExpressUncertainty
Mahmood_2025	Mahmood_2025_Structure-AwareEncodingsArgumentationProperties
Manakul_2023	Manakul_2023_SelfCheckGPTZero-ResourceBlack-BoxHallucination
Margoni_2024	Margoni_2024_SubjectiveLogicMetaAnalysis
Mason1989DATMSAF	Mason_1989_DATMSFrameworkDistributedAssumption
Mayer_2020	Mayer_2020_Transformer-BasedArgumentMiningHealthcare
McBurney_2009	McBurney_2009_DialogueGamesAgentArgumentation
McCarthy_1980	McCarthy_1980_CircumscriptionFormNon-MonotonicReasoning
McCarthy_1993	McCarthy_1993_FormalizingContext
McCarthy_1998	McCarthy_1997_FormalizingContextExpanded
McCrae2011LinkingLR	McCrae_2011_LinkingLexicalResourcesOntologies
McCrae_2016	Cimiano_2016_OntoLexLemonCommunityReport
McCusker_2010	McCusker_2010_TowardsIdentityLinkedData
Melo2013NotQT	Melo_2013_NotQuiteSameIdentity
Modgil_2009	Modgil_2009_ReasoningAboutPreferencesArgumentation
Modgil_2011	Modgil_2011_RevisitingPreferencesArgumentation
Modgil_2014	Modgil_2014_ASPICFrameworkStructuredArgumentation
Moore_1985	Moore_1985_SemanticalConsiderationsNonmonotonicLogic
Morris_2020	Morris_2020_DefeasibleDisjunctiveDatalog
Moura_2008	Moura_2008_ProofsRefutationsZ3
Moura_2008	Moura_2008_Z3EfficientSMTSolver
Narayanan_2014	Narayanan_2014_BridgingTextKnowledgeFrames
Niskanen_2020	Niskanen_2020_ToksiaEfficientAbstractArgumentation
Nosek2019WhatIR	Nosek_2020_WhatIsReplication
Odekerken_2022	Odekerken_2022_StabilityRelevanceIncompleteArgumentation
Odekerken_2025	Odekerken_2025_ArgumentativeReasoningASPICIncompleteInformation
Oikarinen2011CharacterizingSE	Oikarinen_2010_CharacterizingStrongEquivalenceArgumentation
Pearl_2000	Pearl_2000_CausalityModelsReasoningInference
Pierce2002TAPL	Pierce_2002_TypesProgrammingLanguages
Potyka_2019	Potyka_2019_PolynomialTimeEpistemicProbabilistic
Prakken_2006	Prakken_2006_FormalSystemsPersuasionDialogue
Prakken_2012	Prakken_2012_AppreciationJohnPollock'sWork
Prakken_2013	Prakken_2013_FormalisationArgumentationSchemesLegalCaseBasedReasoningASPICPlus
Pustejovsky_1991	Pustejovsky_1991_GenerativeLexicon
Pustejovsky_2013	Pustejovsky_2013_DynamicEventStructureHabitat
Raad_2018	Raad_2018_DetectingErroneousIdentityLinks
Raad_2019	Raad_2019_SameAsProblemSurvey
Raff_2021	Raff_2021_QuantifyingReproducibleMLResearch
Rahwan_2009	Rahwan_2009_ArgumentationArtificialIntelligence
Roddick_1995	Roddick_1995_SurveySchemaVersioningIssues
Rotstein_2008	Rotstein_2008_ArgumentTheoryChangeRevision
Saltelli2008GlobalSA	Saltelli_2008_GlobalSensitivityAnalysisPrimer
Sarkar_2004	Sarkar_2004_Nanopass
Sebastiani_2015	Sebastiani_2015_OptiMathSATToolOptimizationModulo
Sensoy_2018	Sensoy_2018_EvidentialDeepLearningQuantify
Sensoy_2018	Sensoy_2018_EvidentialDeepLearningQuantifyClassification
Shafer_1976	Shafer_1976_MathematicalTheoryEvidence
Shenoy1990AxiomsFP	Shenoy_1990_AxiomsProbabilityBelief-functionPropagation
Smets1990TheCO	Smets_1990_CombinationEvidenceTransferableBelief
Smets1991TheTB	Smets_1991_TransferableBeliefModel
Smets1993BeliefFT	Smets_1993_BeliefFunctionsDisjunctiveRule
Smets1993QuantifyingBeliefsBeliefFunctions	Smets_1993_QuantifyingBeliefsBeliefFunctions
Smets_1992	Smets_1992_NatureUnnormalizedBeliefsEncountered
Smets_1994	Smets_Kennes_1994_TransferableBeliefModel
Soboĺ2001GlobalSI	Sobol_2001_GlobalSensitivityIndicesNonlinear
Stab_2016	Stab_2016_ParsingArgumentationStructuresPersuasive
Swanson1986UndiscoveredPK	Swanson_1986_UndiscoveredPublicKnowledge
Swanson1996UndiscoveredPK	Swanson_1996_UndiscoveredPublicKnowledgeTenYearUpdate
Tang_2025	Tang_2025_EncodingArgumentationFrameworksPropositional
Thimm_2012	Thimm_2012_ProbabilisticSemanticsAbstractArgumentation
Thimm_2020	Thimm_2020_ApproximateReasoningASPICArgumentSampling
Valdestilhas_2017	Valdestilhas_2017_CEDALTime-efficientDetectionErroneous
Vasilakes_2025	Vasilakes_2025_SubjectiveLogicEncodings
Velegrakis2004PreservingMC	Velegrakis_2004_PreservingMappingConsistencyUnder
Verheij_2002	Verheij_2002_ExistenceMultiplicityExtensionsDialectical
Vreeswijk_1997	Vreeswijk_1997_AbstractArgumentationSystems
Walley_1996	Walley_1996_InferencesMultinomialDataLearning
Walton_2015	Walton_2015_ClassificationSystemArgumentationSchemes
Wei_2012	Wei_2012_DefiningStructureArgumentsAIModelsArgumentation
Wein_2023	Wein_2023_CrossLinguisticAMR
Wilkinson2016TheFG	Wilkinson_2016_FAIRGuidingPrinciplesScientific
Wilson1992HowMD	Wilson_1992_MuchDoYouBelieve
Wilson1993DecisionMakingWB	Wilson_1993_Decision-MakingBeliefFunctionsPignistic
Yang2020EstimatingTD	Yang_2020_EstimatingDeepReplicabilityScientific
delgrande2006iterated	Delgrande_2006_IteratedRevisionPrioritizedMerging
gardenfors1988revisions	Gardenfors_1988_RevisionsKnowledgeSystemsEntrenchment
maher2001propositional	Maher_2001_PropositionalDefeasibleLogicLinearComplexity
rott1992modellings	Rott_1992_ModellingsBeliefChangePrioritization
yras_2021	Čyras_2021_ArgumentativeXAISurvey
